{
    "observation.state": {
        "mean": [
            2.830136775970459,
            2.6761891841888428,
            1.371317982673645
        ],
        "std": [
            1.9212615489959717,
            2.0631136894226074,
            5.395942687988281
        ],
        "min": [
            -5.432826042175293,
            -6.113986968994141,
            0.0
        ],
        "max": [
            7.957746982574463,
            7.957746982574463,
            243.4868927001953
        ],
        "q01": [
            -1.0836213588714596,
            -1.7173933863639828,
            0.0
        ],
        "q99": [
            7.30845260620117,
            7.3048387050628625,
            8.725428009033191
        ]
    },
    "action": {
        "mean": [
            2.830136775970459,
            2.6761891841888428
        ],
        "std": [
            1.9212615489959717,
            2.0631136894226074
        ],
        "min": [
            -5.432826042175293,
            -6.113986968994141
        ],
        "max": [
            7.957746982574463,
            7.957746982574463
        ],
        "q01": [
            -1.0836213588714596,
            -1.7173933863639828
        ],
        "q99": [
            7.30845260620117,
            7.3048387050628625
        ]
    },
    "timestamp": {
        "mean": [
            651.295654296875
        ],
        "std": [
            363.9153747558594
        ],
        "min": [
            20.979990005493164
        ],
        "max": [
            1281.5989990234375
        ],
        "q01": [
            33.585990524291994
        ],
        "q99": [
            1268.993701171875
        ]
    },
    "annotation.human.action.task_description": {
        "mean": [
            0.0
        ],
        "std": [
            0.0
        ],
        "min": [
            0.0
        ],
        "max": [
            0.0
        ],
        "q01": [
            0.0
        ],
        "q99": [
            0.0
        ]
    },
    "task_index": {
        "mean": [
            0.0
        ],
        "std": [
            0.0
        ],
        "min": [
            0.0
        ],
        "max": [
            0.0
        ],
        "q01": [
            0.0
        ],
        "q99": [
            0.0
        ]
    },
    "annotation.human.validity": {
        "mean": [
            0.5094318389892578
        ],
        "std": [
            0.49991101026535034
        ],
        "min": [
            0.0
        ],
        "max": [
            1.0
        ],
        "q01": [
            0.0
        ],
        "q99": [
            1.0
        ]
    },
    "episode_index": {
        "mean": [
            49.042930603027344
        ],
        "std": [
            29.056137084960938
        ],
        "min": [
            0.0
        ],
        "max": [
            99.0
        ],
        "q01": [
            1.0
        ],
        "q99": [
            99.0
        ]
    },
    "index": {
        "mean": [
            333.56414794921875
        ],
        "std": [
            217.44065856933594
        ],
        "min": [
            0.0
        ],
        "max": [
            1377.0
        ],
        "q01": [
            6.0
        ],
        "q99": [
            890.0
        ]
    },
    "next.reward": {
        "mean": [
            0.46976885199546814
        ],
        "std": [
            0.49908527731895447
        ],
        "min": [
            0.0
        ],
        "max": [
            1.0
        ],
        "q01": [
            0.0
        ],
        "q99": [
            1.0
        ]
    },
    "next.done": {
        "mean": [
            0.0
        ],
        "std": [
            0.0
        ],
        "min": [
            0.0
        ],
        "max": [
            0.0
        ],
        "q01": [
            0.0
        ],
        "q99": [
            0.0
        ]
    }
}