{
    "observation.state": {
        "mean": [
            1.53032648563385
        ],
        "std": [
            0.6965746879577637
        ],
        "min": [
            0.0
        ],
        "max": [
            2.5998966693878174
        ],
        "q01": [
            0.06814236141741276
        ],
        "q99": [
            2.473760757446289
        ]
    },
    "action": {
        "mean": [
            1.398074984550476,
            1.4616239070892334
        ],
        "std": [
            2.6845662593841553,
            2.8192660808563232
        ],
        "min": [
            -5.0,
            -5.0
        ],
        "max": [
            5.0,
            5.0
        ],
        "q01": [
            -5.0,
            -5.0
        ],
        "q99": [
            5.0,
            5.0
        ]
    },
    "timestamp": {
        "mean": [
            89.2725601196289
        ],
        "std": [
            46.79235076904297
        ],
        "min": [
            8.239996910095215
        ],
        "max": [
            170.3199462890625
        ],
        "q01": [
            9.860596780776978
        ],
        "q99": [
            168.6993362426758
        ]
    },
    "annotation_human_action_prompt": {
        "mean": [
            0.0
        ],
        "std": [
            0.0
        ],
        "min": [
            0.0
        ],
        "max": [
            0.0
        ],
        "q01": [
            0.0
        ],
        "q99": [
            0.0
        ]
    },
    "task_index": {
        "mean": [
            1.3039239645004272
        ],
        "std": [
            1.243861436843872
        ],
        "min": [
            0.0
        ],
        "max": [
            3.0
        ],
        "q01": [
            0.0
        ],
        "q99": [
            3.0
        ]
    },
    "episode_index": {
        "mean": [
            3.6172261238098145
        ],
        "std": [
            1.9698065519332886
        ],
        "min": [
            1.0
        ],
        "max": [
            8.0
        ],
        "q01": [
            1.0
        ],
        "q99": [
            8.0
        ]
    },
    "index": {
        "mean": [
            811.8472290039062
        ],
        "std": [
            705.3971557617188
        ],
        "min": [
            0.0
        ],
        "max": [
            2624.0
        ],
        "q01": [
            10.0
        ],
        "q99": [
            2542.9700000000003
        ]
    },
    "next_reward": {
        "mean": [
            0.0
        ],
        "std": [
            0.0
        ],
        "min": [
            0.0
        ],
        "max": [
            0.0
        ],
        "q01": [
            0.0
        ],
        "q99": [
            0.0
        ]
    },
    "next_done": {
        "mean": [
            0.0
        ],
        "std": [
            0.0
        ],
        "min": [
            0.0
        ],
        "max": [
            0.0
        ],
        "q01": [
            0.0
        ],
        "q99": [
            0.0
        ]
    }
}